{
    "name": "SimpleButton", 
    "keywords": [
        "simple", 
        "button", 
        "spacehuhn"
    ], 
    "description": "Manage buttons easily", 
    "repository": {
        "type": "git", 
        "url": "https://github.com/spacehuhn/SimpleButton.git"
    }, 
    "frameworks": [
        "arduino"
    ], 
    "platforms": [
        "atmelavr", 
        "atmelsam", 
        "espressif32", 
        "espressif8266", 
        "intel_arc32", 
        "microchippic32", 
        "nordicnrf51", 
        "nordicnrf52", 
        "ststm32", 
        "teensy", 
        "timsp430"
    ], 
    "version": "026bc1e41a", 
    "authors": [
        {
            "email": "mail@spacehuhn.com", 
            "url": "https://github.com/spacehuhn", 
            "maintainer": false, 
            "name": "Stefan Kremser"
        }
    ], 
    "id": 5608
}